,Location,Venue Latitude,Venue Longitude,geometry
0,Alice,27.88838847343273,-97.31875333364745,"27.88838847343273, -97.31875333364745"
1,Alice,27.67988805769562,-97.37336374713374,"27.67988805769562, -97.37336374713374"
2,Alice,27.899642070802592,-97.14228502294145,"27.899642070802592, -97.14228502294145"
3,Alice,27.69569420890058,-97.3476865107023,"27.69569420890058, -97.3476865107023"
4,Alice,27.855771778884456,-97.63209117460181,"27.855771778884456, -97.63209117460181"
5,Alice,27.511185657507532,-97.8558457536828,"27.511185657507532, -97.8558457536828"
6,Alice,27.70546236793367,-97.39113345058067,"27.70546236793367, -97.39113345058067"
7,Alice,27.78769,-97.655646,"27.78769, -97.655646"
8,Alice,27.7797420279865,-97.42065149668174,"27.7797420279865, -97.42065149668174"
9,Alice,27.731028857729115,-97.39307900643222,"27.731028857729115, -97.39307900643222"
10,Alice,27.743928812087837,-97.4411289913783,"27.743928812087837, -97.4411289913783"
11,Alvin,29.731278040526366,-95.47772863775995,"29.731278040526366, -95.47772863775995"
12,Alvin,29.555289507075617,-95.39547338003524,"29.555289507075617, -95.39547338003524"
13,Alvin,29.591024947810826,-95.63485055823412,"29.591024947810826, -95.63485055823412"
14,Alvin,29.77394159289818,-95.8174153391383,"29.77394159289818, -95.8174153391383"
15,Alvin,29.788239,-95.687842,"29.788239, -95.687842"
16,Alvin,29.99712326890135,-95.16242289392474,"29.99712326890135, -95.16242289392474"
17,Alvin,30.005390807500685,-95.29851220871807,"30.005390807500685, -95.29851220871807"
18,Alvin,29.930103325055644,-95.54583086090251,"29.930103325055644, -95.54583086090251"
19,Alvin,29.531561483150885,-95.51115805882452,"29.531561483150885, -95.51115805882452"
20,Alvin,29.737083108889678,-95.57799453137706,"29.737083108889678, -95.57799453137706"
21,Alvin,30.04014424128924,-95.4879989520144,"30.04014424128924, -95.4879989520144"
22,Alvin,29.98202812988158,-95.42606688241675,"29.98202812988158, -95.42606688241675"
23,Alvin,30.010309108051498,-95.58796115766035,"30.010309108051498, -95.58796115766035"
24,Alvin,29.7352,-95.64087,"29.7352, -95.64087"
25,Alvin,29.91054192425081,-95.68562628602935,"29.91054192425081, -95.68562628602935"
26,Alvin,29.87123269889768,-95.33262370939632,"29.87123269889768, -95.33262370939632"
27,Alvin,30.000078555590967,-95.47756460703306,"30.000078555590967, -95.47756460703306"
28,Alvin,29.66460743234381,-95.46333092042258,"29.66460743234381, -95.46333092042258"
29,Alvin,29.912521457780535,-95.4800044885856,"29.912521457780535, -95.4800044885856"
30,Alvin,30.223586,-95.553928,"30.223586, -95.553928"
31,Alvin,29.938043919266164,-95.39806209703693,"29.938043919266164, -95.39806209703693"
32,Alvin,29.502691,-95.043702,"29.502691, -95.043702"
33,Alvin,29.561373,-95.276957,"29.561373, -95.276957"
34,Alvin,29.878773,-95.635002,"29.878773, -95.635002"
35,Alvin,30.114904,-95.384496,"30.114904, -95.384496"
36,Alvin,29.800347,-94.980753,"29.800347, -94.980753"
37,Alvin,29.97343247491799,-95.68850265655422,"29.97343247491799, -95.68850265655422"
38,Alvin,29.639187082994365,-95.1579059423548,"29.639187082994365, -95.1579059423548"
39,Alvin,29.686264482246465,-95.42131244032095,"29.686264482246465, -95.42131244032095"
40,Alvin,29.66340951849506,-95.10681019888622,"29.66340951849506, -95.10681019888622"
41,Alvin,29.615623450563856,-95.49581082025523,"29.615623450563856, -95.49581082025523"
42,Alvin,29.59290474602485,-95.19258605087244,"29.59290474602485, -95.19258605087244"
43,Alvin,29.555073499715014,-95.80911114751491,"29.555073499715014, -95.80911114751491"
44,Alvin,29.772465759568497,-95.21446108818054,"29.772465759568497, -95.21446108818054"
45,Alvin,29.69212878440444,-95.64425098589193,"29.69212878440444, -95.64425098589193"
46,Alvin,30.071059,-95.241263,"30.071059, -95.241263"
47,Alvin,29.686342416666665,-95.364271,"29.686342416666665, -95.364271"
48,Alvin,29.744152,-94.949927,"29.744152, -94.949927"
49,Alvin,29.945290592653887,-95.46583476094406,"29.945290592653887, -95.46583476094406"
50,Alvin,29.440816,-95.093551,"29.440816, -95.093551"
51,Alvin,29.544898988986517,-95.74851661286979,"29.544898988986517, -95.74851661286979"
52,Alvin,29.614645,-95.384155,"29.614645, -95.384155"
53,Alvin,29.574951000000002,-95.408803,"29.574951000000002, -95.408803"
54,Alvin,29.6008,-95.287743,"29.6008, -95.287743"
55,Alvin,29.402130958227882,-95.01972348751328,"29.402130958227882, -95.01972348751328"
56,Alvin,29.4015866005751,-95.24100824873787,"29.4015866005751, -95.24100824873787"
57,Alvin,29.5073820808835,-95.1909752690679,"29.5073820808835, -95.1909752690679"
58,Alvin,29.56144707508333,-95.27699734762398,"29.56144707508333, -95.27699734762398"
59,Alvin,29.504481424361614,-95.10753872547751,"29.504481424361614, -95.10753872547751"
60,Amarillo,35.13138876858381,-101.90227577022252,"35.13138876858381, -101.90227577022252"
61,Amarillo,35.149896,-101.919781,"35.149896, -101.919781"
62,Amarillo,35.18989425523079,-101.87312703490142,"35.18989425523079, -101.87312703490142"
63,Amarillo,35.1916817567948,-101.75891992110938,"35.1916817567948, -101.75891992110938"
64,Amarillo,35.132561,-101.901919,"35.132561, -101.901919"
65,Angleton,30.088141831858884,-95.6315399427388,"30.088141831858884, -95.6315399427388"
66,Angleton,29.830991,-95.755567,"29.830991, -95.755567"
67,Angleton,29.184024370030336,-95.43361975357749,"29.184024370030336, -95.43361975357749"
68,Angleton,29.848018158196922,-95.64536653583644,"29.848018158196922, -95.64536653583644"
69,Angleton,29.267863000000002,-94.826613,"29.267863000000002, -94.826613"
70,Angleton,29.04833972454071,-95.45929423,"29.04833972454071, -95.45929423"
71,Angleton,29.010889253124972,-95.41960983932174,"29.010889253124972, -95.41960983932174"
72,Angleton,29.048686,-95.463614,"29.048686, -95.463614"
73,Aransas Pass,28.812904340570032,-96.9736362345778,"28.812904340570032, -96.9736362345778"
74,Aransas Pass,28.0551737256245,-97.04183382921046,"28.0551737256245, -97.04183382921046"
75,Arlington,32.604619228665165,-96.83296570894731,"32.604619228665165, -96.83296570894731"
76,Arlington,32.90970424694423,-96.76689641705681,"32.90970424694423, -96.76689641705681"
77,Arlington,32.71894540950856,-96.6228583026475,"32.71894540950856, -96.6228583026475"
78,Arlington,32.681484896816166,-97.007431325385,"32.681484896816166, -97.007431325385"
79,Arlington,33.01977585347352,-96.73218231646766,"33.01977585347352, -96.73218231646766"
80,Arlington,32.83697850152016,-96.8315632234501,"32.83697850152016, -96.8315632234501"
81,Arlington,32.910011813581924,-96.85983563896895,"32.910011813581924, -96.85983563896895"
82,Arlington,33.017265,-97.218706,"33.017265, -97.218706"
83,Arlington,32.899748454098656,-96.46786524845972,"32.899748454098656, -96.46786524845972"
84,Arlington,32.827667713634135,-97.06025980308914,"32.827667713634135, -97.06025980308914"
85,Arlington,32.879918339422346,-96.62206824613038,"32.879918339422346, -96.62206824613038"
86,Arlington,32.64953532456558,-97.36883296460005,"32.64953532456558, -97.36883296460005"
87,Arlington,33.19274950941685,-97.09776771116012,"33.19274950941685, -97.09776771116012"
88,Arlington,32.712488,-97.072182,"32.712488, -97.072182"
89,Arlington,32.5966131762487,-96.94132422405329,"32.5966131762487, -96.94132422405329"
90,Arlington,32.831894691486745,-96.99418974431894,"32.831894691486745, -96.99418974431894"
91,Arlington,32.647277077871,-96.86931076241763,"32.647277077871, -96.86931076241763"
92,Arlington,32.99964267215082,-96.8563041397705,"32.99964267215082, -96.8563041397705"
93,Arlington,33.0104287831526,-96.79479422453605,"33.0104287831526, -96.79479422453605"
94,Arlington,32.749187,-96.874473,"32.749187, -96.874473"
95,Arlington,32.64822903083174,-96.78213826489032,"32.64822903083174, -96.78213826489032"
96,Arlington,33.00386274098593,-96.98523840729574,"33.00386274098593, -96.98523840729574"
97,Arlington,32.72091580701072,-96.83452710463938,"32.72091580701072, -96.83452710463938"
98,Arlington,32.79861915328516,-96.63277985655752,"32.79861915328516, -96.63277985655752"
99,Arlington,32.78343743882278,-96.8143369736843,"32.78343743882278, -96.8143369736843"
100,Arlington,32.65923398578164,-97.1331717423596,"32.65923398578164, -97.1331717423596"
101,Arlington,33.17796299894162,-96.88893777034673,"33.17796299894162, -96.88893777034673"
102,Arlington,32.62952,-97.32045,"32.62952, -97.32045"
103,Arlington,32.660959999999996,-96.902636,"32.660959999999996, -96.902636"
104,Arlington,33.06741909268082,-96.88790036224088,"33.06741909268082, -96.88790036224088"
105,Arlington,32.863819192673624,-96.6835844033726,"32.863819192673624, -96.6835844033726"
106,Arlington,32.91602,-97.25469,"32.91602, -97.25469"
107,Arlington,32.944830446559244,-96.64903047449286,"32.944830446559244, -96.64903047449286"
108,Arlington,32.739591361912716,-97.24020044140516,"32.739591361912716, -97.24020044140516"
109,Arlington,32.712819,-97.281003,"32.712819, -97.281003"
110,Arlington,32.961745,-96.346127,"32.961745, -96.346127"
111,Arlington,32.678735,-97.463908,"32.678735, -97.463908"
112,Arlington,33.024061,-97.274347,"33.024061, -97.274347"
113,Arlington,32.633273,-96.701039,"32.633273, -96.701039"
114,Arlington,32.753143584114184,-97.0976252571744,"32.753143584114184, -97.0976252571744"
115,Arlington,32.677029556859516,-97.19646230254916,"32.677029556859516, -97.19646230254916"
116,Arlington,32.838467,-97.152054,"32.838467, -97.152054"
117,Arlington,32.753703,-97.171436,"32.753703, -97.171436"
118,Arlington,32.84323568438349,-97.20179757019955,"32.84323568438349, -97.20179757019955"
119,Arlington,32.57810677545382,-97.12922948597368,"32.57810677545382, -97.12922948597368"
120,Arlington,32.73108679752506,-97.07049304393549,"32.73108679752506, -97.07049304393549"
121,Arlington,32.75691261720746,-96.99534332324966,"32.75691261720746, -96.99534332324966"
122,Arlington,32.84049697685643,-97.08252516034455,"32.84049697685643, -97.08252516034455"
123,Atascocita,30.39688418199687,-96.06990246265802,"30.39688418199687, -96.06990246265802"
124,Atascocita,29.937612,-95.35575,"29.937612, -95.35575"
125,Atascocita,29.888042,-95.063643,"29.888042, -95.063643"
126,Atascocita,29.854865000000004,-95.188027,"29.854865000000004, -95.188027"
127,Atascocita,30.005391072255833,-95.26619148137875,"30.005391072255833, -95.26619148137875"
128,Atascocita,29.863292,-95.18682,"29.863292, -95.18682"
129,Atascocita,29.979622,-95.247744,"29.979622, -95.247744"
130,Atascocita,30.104015000000004,-95.233413,"30.104015000000004, -95.233413"
131,Atascocita,30.005619823009383,-95.26600131015267,"30.005619823009383, -95.26600131015267"
132,Atascocita,29.935170966776397,-95.21560365772523,"29.935170966776397, -95.21560365772523"
133,Athens,32.34926238569391,-95.34268242411072,"32.34926238569391, -95.34268242411072"
134,Athens,32.500792,-94.736035,"32.500792, -94.736035"
135,Athens,32.332685,-95.27194200000001,"32.332685, -95.27194200000001"
136,Athens,32.79311837286256,-96.70114744488683,"32.79311837286256, -96.70114744488683"
137,Athens,32.349415,-95.342167,"32.349415, -95.342167"
138,Athens,32.623129,-96.909006,"32.623129, -96.909006"
139,Athens,32.30906571033188,-95.27232356852228,"32.30906571033188, -95.27232356852228"
140,Athens,32.528563,-94.78681999999999,"32.528563, -94.78681999999999"
141,Athens,32.429256,-96.839085,"32.429256, -96.839085"
142,Athens,32.332695,-95.272375,"32.332695, -95.272375"
143,Athens,32.90660853517506,-96.5699882231898,"32.90660853517506, -96.5699882231898"
144,Athens,32.74506060074232,-96.81180164387814,"32.74506060074232, -96.81180164387814"
145,Athens,32.80497584876505,-96.7773262725233,"32.80497584876505, -96.7773262725233"
146,Athens,32.210115,-95.829718,"32.210115, -95.829718"
147,Athens,32.86116390150846,-96.64317140938736,"32.86116390150846, -96.64317140938736"
148,Athens,32.77829513831506,-96.91847901664076,"32.77829513831506, -96.91847901664076"
149,Austin,30.49485771917564,-97.65582624958466,"30.49485771917564, -97.65582624958466"
150,Austin,30.48168081085124,-97.82722812750248,"30.48168081085124, -97.82722812750248"
151,Austin,30.230021,-97.790573,"30.230021, -97.790573"
152,Austin,29.557039412143222,-98.66164363232043,"29.557039412143222, -98.66164363232043"
153,Austin,30.175041064472097,-97.82367299703942,"30.175041064472097, -97.82367299703942"
154,Austin,30.01206375407267,-97.86007764887258,"30.01206375407267, -97.86007764887258"
155,Austin,31.052883,-97.454,"31.052883, -97.454"
156,Austin,29.51890749071244,-98.63816153656362,"29.51890749071244, -98.63816153656362"
157,Austin,29.616436,-98.60476899999999,"29.616436, -98.60476899999999"
158,Austin,29.640751737701653,-98.45323948470856,"29.640751737701653, -98.45323948470856"
159,Austin,30.559826,-97.684029,"30.559826, -97.684029"
160,Austin,30.633454999999998,-97.696791,"30.633454999999998, -97.696791"
161,Austin,30.31449043791704,-97.70351173098541,"30.31449043791704, -97.70351173098541"
162,Austin,31.069789,-97.66701,"31.069789, -97.66701"
163,Austin,29.844062,-97.968862,"29.844062, -97.968862"
164,Austin,31.120546,-97.88818,"31.120546, -97.88818"
165,Austin,30.387417,-97.65045,"30.387417, -97.65045"
166,Austin,29.798436022432252,-98.4218144416809,"29.798436022432252, -98.4218144416809"
167,Austin,30.213955855533158,-97.7106651548608,"30.213955855533158, -97.7106651548608"
168,Austin,30.105777602116554,-97.3088509624893,"30.105777602116554, -97.3088509624893"
169,Austin,29.538469036406067,-98.28727064540803,"29.538469036406067, -98.28727064540803"
170,Austin,30.192760909510096,-97.77954032440117,"30.192760909510096, -97.77954032440117"
171,Austin,29.603025,-98.41824,"29.603025, -98.41824"
172,Austin,29.559174859760304,-98.32293663160767,"29.559174859760304, -98.32293663160767"
173,Austin,29.607428999999996,-98.50774399999999,"29.607428999999996, -98.50774399999999"
174,Austin,30.282138647838508,-97.70324943726506,"30.282138647838508, -97.70324943726506"
175,Austin,29.57020514406165,-98.38326108074065,"29.57020514406165, -98.38326108074065"
176,Austin,31.10951568136771,-97.74636611196763,"31.10951568136771, -97.74636611196763"
177,Austin,30.367968899072892,-97.69379905509857,"30.367968899072892, -97.69379905509857"
178,Austin,29.565361476809507,-98.59276476786464,"29.565361476809507, -98.59276476786464"
179,Austin,30.2793693933446,-97.80632905478993,"30.2793693933446, -97.80632905478993"
180,Austin,29.61153489394112,-98.47473199795037,"29.61153489394112, -98.47473199795037"
181,Austin,30.452067534486545,-97.6037079285322,"30.452067534486545, -97.6037079285322"
182,Austin,29.748671715126996,-98.05796422909279,"29.748671715126996, -98.05796422909279"
183,Austin,30.51617745546321,-97.68930103107948,"30.51617745546321, -97.68930103107948"
184,Austin,30.237641468295898,-97.7252599697137,"30.237641468295898, -97.7252599697137"
185,Austin,31.116545,-97.411317,"31.116545, -97.411317"
186,Austin,29.520806,-98.476897,"29.520806, -98.476897"
187,Austin,30.447650247339404,-97.64020897306986,"30.447650247339404, -97.64020897306986"
188,Austin,29.892642507041916,-97.91595644802717,"29.892642507041916, -97.91595644802717"
189,Austin,31.142654384513165,-97.78945027425263,"31.142654384513165, -97.78945027425263"
190,Austin,29.534163019444154,-98.55965249147957,"29.534163019444154, -98.55965249147957"
191,Austin,29.684880560832667,-98.12687089074137,"29.684880560832667, -98.12687089074137"
192,Austin,30.5114000951115,-97.82429127437068,"30.5114000951115, -97.82429127437068"
193,Austin,30.50588,-97.71774,"30.50588, -97.71774"
194,Balch Springs,33.67082544418095,-96.60675536797443,"33.67082544418095, -96.60675536797443"
195,Balch Springs,33.224839,-96.985376,"33.224839, -96.985376"
196,Balch Springs,33.140386015962406,-96.69359624436152,"33.140386015962406, -96.69359624436152"
197,Baytown,29.960941897521742,-93.98103649040742,"29.960941897521742, -93.98103649040742"
198,Baytown,30.134296999999997,-94.015837,"30.134296999999997, -94.015837"
199,Baytown,29.826447,-94.851564,"29.826447, -94.851564"
200,Baytown,29.800376382757616,-94.98083973940444,"29.800376382757616, -94.98083973940444"
201,Baytown,29.685937662347605,-95.15479609456322,"29.685937662347605, -95.15479609456322"
202,Baytown,29.691145000000002,-95.21365,"29.691145000000002, -95.21365"
203,Baytown,29.780075220803116,-95.12433262774611,"29.780075220803116, -95.12433262774611"
204,Baytown,29.77995347100637,-95.1243682479654,"29.77995347100637, -95.1243682479654"
205,Baytown,29.651528270733905,-95.03468446168348,"29.651528270733905, -95.03468446168348"
206,Baytown,29.698311,-95.123347,"29.698311, -95.123347"
207,Baytown,29.820101230050977,-94.90013846137768,"29.820101230050977, -94.90013846137768"
208,Baytown,29.651546478271484,-95.03484344482422,"29.651546478271484, -95.03484344482422"
209,Beaumont,30.16848679313042,-93.23311456240562,"30.16848679313042, -93.23311456240562"
210,Beaumont,30.851536308133763,-93.28937313715446,"30.851536308133763, -93.28937313715446"
211,Beaumont,30.301012296170263,-93.20252641405885,"30.301012296170263, -93.20252641405885"
212,Beaumont,30.198062349233606,-93.21988726253748,"30.198062349233606, -93.21988726253748"
213,Beaumont,30.228270292282104,-93.3249682188034,"30.228270292282104, -93.3249682188034"
214,Beaumont,30.253365112418326,-93.25827666344784,"30.253365112418326, -93.25827666344784"
215,Beaumont,30.223930753370336,-93.37678846614612,"30.223930753370336, -93.37678846614612"
216,Beaumont,29.776734,-95.301491,"29.776734, -95.301491"
217,Beaumont,29.395270873579395,-94.94567554287153,"29.395270873579395, -94.94567554287153"
218,Beaumont,30.300615,-93.20174,"30.300615, -93.20174"
219,Beaumont,30.107077,-93.74652900000001,"30.107077, -93.74652900000001"
220,Beaumont,29.796352,-95.31681,"29.796352, -95.31681"
221,Beaumont,29.733382,-95.348544,"29.733382, -95.348544"
222,Beaumont,29.940839,-93.938,"29.940839, -93.938"
223,Beaumont,30.204859,-93.180329,"30.204859, -93.180329"
224,Beaumont,30.92863157902429,-93.9966754775327,"30.92863157902429, -93.9966754775327"
225,Beaumont,30.056856383195136,-94.09923078263782,"30.056856383195136, -94.09923078263782"
226,Beaumont,29.913425712311458,-93.91559515614544,"29.913425712311458, -93.91559515614544"
227,Beaumont,30.128175616264343,-94.15637791156769,"30.128175616264343, -94.15637791156769"
228,Beaumont,30.0781954177165,-94.16981922806558,"30.0781954177165, -94.16981922806558"
229,Beaumont,30.080912577726725,-94.12995483556519,"30.080912577726725, -94.12995483556519"
230,Bedford,32.941498,-97.071911,"32.941498, -97.071911"
231,Bedford,32.91748801786964,-96.96122629509063,"32.91748801786964, -96.96122629509063"
232,Bedford,32.93478694297629,-97.23781036809046,"32.93478694297629, -97.23781036809046"
233,Bedford,32.906286483087335,-97.0364520882317,"32.906286483087335, -97.0364520882317"
234,Bedford,32.86146821064473,-97.31642655253441,"32.86146821064473, -97.31642655253441"
235,Bedford,32.89055105934589,-97.0357480789916,"32.89055105934589, -97.0357480789916"
236,Bedford,32.89650975848223,-97.04455461150442,"32.89650975848223, -97.04455461150442"
237,Bellmead,31.527859,-97.168205,"31.527859, -97.168205"
238,Bellmead,31.539068255015575,-97.12784439275526,"31.539068255015575, -97.12784439275526"
239,Bellmead,31.601972795940085,-97.1066518109508,"31.601972795940085, -97.1066518109508"
240,Bellmead,32.06767,-96.44955,"32.06767, -96.44955"
241,Benbrook,32.984362,-96.909183,"32.984362, -96.909183"
242,Benbrook,32.81095352656651,-97.43245023417664,"32.81095352656651, -97.43245023417664"
243,Benbrook,32.740647179873775,-97.45136549234117,"32.740647179873775, -97.45136549234117"
244,Big Spring,31.89585167990097,-102.34256550690529,"31.89585167990097, -102.34256550690529"
245,Big Spring,32.027118276455134,-102.08244084375302,"32.027118276455134, -102.08244084375302"
246,Big Spring,32.26482,-101.490031,"32.26482, -101.490031"
247,Big Spring,31.96982,-102.07272,"31.96982, -102.07272"
248,Big Spring,32.448740882962014,-100.44354513404593,"32.448740882962014, -100.44354513404593"
249,Brookshire,29.769940524746204,-95.60145733198908,"29.769940524746204, -95.60145733198908"
250,Brookshire,29.7768337005671,-95.95180052940387,"29.7768337005671, -95.95180052940387"
251,Brookshire,29.78400002806009,-95.75427068316031,"29.78400002806009, -95.75427068316031"
252,Brookshire,29.699365,-95.84666,"29.699365, -95.84666"
253,Brookshire,29.796733,-95.704127,"29.796733, -95.704127"
254,Brookshire,29.776920119196664,-95.95189858976764,"29.776920119196664, -95.95189858976764"
255,Brownsville,26.18964652334069,-98.16768481082794,"26.18964652334069, -98.16768481082794"
256,Brownsville,26.201074172736764,-98.22999302963606,"26.201074172736764, -98.22999302963606"
257,Brownsville,26.237156846302597,-98.21006402710262,"26.237156846302597, -98.21006402710262"
258,Brownsville,26.192287175485777,-98.13502520451428,"26.192287175485777, -98.13502520451428"
259,Brownsville,26.261794380401614,-98.1678638779754,"26.261794380401614, -98.1678638779754"
260,Brownsville,26.306421999999998,-98.192479,"26.306421999999998, -98.192479"
261,Brownsville,26.17220374171681,-98.00875940274649,"26.17220374171681, -98.00875940274649"
262,Brownsville,26.126474793858986,-97.63771316985112,"26.126474793858986, -97.63771316985112"
263,Brownsville,26.18515903566252,-97.72093970484637,"26.18515903566252, -97.72093970484637"
264,Brownsville,26.185278,-97.720963,"26.185278, -97.720963"
265,Brownsville,26.177585369790872,-98.18635940551756,"26.177585369790872, -98.18635940551756"
266,Brownsville,25.922189233668032,-97.48612798441069,"25.922189233668032, -97.48612798441069"
267,Brownsville,26.192173,-98.135064,"26.192173, -98.135064"
268,Brownwood,32.47430971532557,-99.72949069249974,"32.47430971532557, -99.72949069249974"
269,Brownwood,32.396858061746585,-99.76444396654499,"32.396858061746585, -99.76444396654499"
270,Brownwood,32.39691365807138,-99.7643969473963,"32.39691365807138, -99.7643969473963"
271,Carrollton,33.04187575447191,-97.0285789904521,"33.04187575447191, -97.0285789904521"
272,Carrollton,33.06741034239143,-96.88790717226289,"33.06741034239143, -96.88790717226289"
273,Carrollton,32.92842387019028,-96.80318270706887,"32.92842387019028, -96.80318270706887"
274,Cleveland,30.324219,-95.399864,"30.324219, -95.399864"
275,Cleveland,30.336999,-95.1003,"30.336999, -95.1003"
276,Conroe,30.349502369320025,-95.48139108449465,"30.349502369320025, -95.48139108449465"
277,Conroe,30.312875918204277,-95.46762130995373,"30.312875918204277, -95.46762130995373"
278,Conroe,30.210284585751378,-95.45777203392953,"30.210284585751378, -95.45777203392953"
279,Conroe,30.35347436430963,-95.5838439237251,"30.35347436430963, -95.5838439237251"
280,Conroe,30.421244,-95.493236,"30.421244, -95.493236"
281,Conroe,30.166426157381096,-95.50674685936384,"30.166426157381096, -95.50674685936384"
282,Corinth,34.18984,-97.14333,"34.18984, -97.14333"
283,Corinth,33.131213,-97.039417,"33.131213, -97.039417"
284,Crosby,29.807214000000002,-95.171287,"29.807214000000002, -95.171287"
285,Crosby,29.89735,-95.0634,"29.89735, -95.0634"
286,"Crossroads,",33.17276,-94.97082,"33.17276, -94.97082"
287,"Crossroads,",32.54871237150258,-94.35133695602417,"32.54871237150258, -94.35133695602417"
288,"Crossroads,",33.68519845677628,-95.5552067559403,"33.68519845677628, -95.5552067559403"
289,"Crossroads,",32.18294400686726,-94.33928170147409,"32.18294400686726, -94.33928170147409"
290,"Crossroads,",32.45343388581739,-93.86519160410289,"32.45343388581739, -93.86519160410289"
291,"Crossroads,",32.546627,-93.77643499999999,"32.546627, -93.77643499999999"
292,"Crossroads,",32.44252700533846,-93.74631794337569,"32.44252700533846, -93.74631794337569"
293,"Crossroads,",32.601833,-93.843801,"32.601833, -93.843801"
294,"Crossroads,",32.47511752441822,-93.79694957865578,"32.47511752441822, -93.79694957865578"
295,"Crossroads,",32.45340217025065,-93.86524443269727,"32.45340217025065, -93.86524443269727"
296,"Crossroads,",32.40731231528668,-93.80002033704166,"32.40731231528668, -93.80002033704166"
297,Cypress,29.94626539916282,-95.5845054766737,"29.94626539916282, -95.5845054766737"
298,Cypress,29.908002,-95.630908,"29.908002, -95.630908"
299,Cypress,29.878882499372477,-95.63494098055894,"29.878882499372477, -95.63494098055894"
300,Cypress,29.900018621765135,-95.596888795897,"29.900018621765135, -95.596888795897"
301,Cypress,29.882330504047214,-95.7233155940643,"29.882330504047214, -95.7233155940643"
302,Deer Park,29.717228600926532,-95.29464050467443,"29.717228600926532, -95.29464050467443"
303,Deer Park,29.67122607870017,-95.27683696431825,"29.67122607870017, -95.27683696431825"
304,Deer Park,29.572790717520977,-95.10863664897106,"29.572790717520977, -95.10863664897106"
305,Deer Park,29.642366548661688,-95.24065264704308,"29.642366548661688, -95.24065264704308"
306,Deer Park,29.767937174261423,-95.23738151060121,"29.767937174261423, -95.23738151060121"
307,Deer Park,29.620094698623983,-95.2297483954851,"29.620094698623983, -95.2297483954851"
308,Deer Park,29.664632,-95.190623,"29.664632, -95.190623"
309,Dickinson,29.57276656758628,-95.02706050872803,"29.57276656758628, -95.02706050872803"
310,Dickinson,29.572581,-95.027101,"29.572581, -95.027101"
311,Eagle Pass,28.70846568071294,-100.48352822634573,"28.70846568071294, -100.48352822634573"
312,El Paso,31.83704,-106.557118,"31.83704, -106.557118"
313,El Paso,31.792657856263105,-106.37132861011796,"31.792657856263105, -106.37132861011796"
314,El Paso,31.881292394991643,-106.42024774221981,"31.881292394991643, -106.42024774221981"
315,El Paso,31.81237365210938,-106.43344345165839,"31.81237365210938, -106.43344345165839"
316,El Paso,31.77175939649847,-106.337967556246,"31.77175939649847, -106.337967556246"
317,El Paso,31.749087,-106.280911,"31.749087, -106.280911"
318,El Paso,31.747238848449193,-106.31844198458873,"31.747238848449193, -106.31844198458873"
319,El Paso,31.682247,-106.200741,"31.682247, -106.200741"
320,El Paso,31.806445,-106.259676,"31.806445, -106.259676"
321,El Paso,31.837429297847898,-106.55722763846333,"31.837429297847898, -106.55722763846333"
322,El Paso,31.853318,-106.338439,"31.853318, -106.338439"
323,El Paso,31.650264,-106.286372,"31.650264, -106.286372"
324,Frisco,33.1543312190593,-96.8038672525403,"33.1543312190593, -96.8038672525403"
325,Fulshear,29.690178756342846,-95.76796092886899,"29.690178756342846, -95.76796092886899"
326,Galveston,29.297539059296817,-94.80072794472851,"29.297539059296817, -94.80072794472851"
327,Galveston,29.79082550352515,-95.41019179432881,"29.79082550352515, -95.41019179432881"
328,Garland,33.01780769267661,-96.68119301866453,"33.01780769267661, -96.68119301866453"
329,Greenville,33.10078,-96.1039,"33.10078, -96.1039"
330,Groves,30.056427,-94.79908,"30.056427, -94.79908"
331,Groves,30.235313,-93.20408642292023,"30.235313, -93.20408642292023"
332,Haslet,32.968410655676905,-97.41686204469485,"32.968410655676905, -97.41686204469485"
333,Houston,29.71668,-95.35411,"29.71668, -95.35411"
334,Houston,29.689426310881046,-95.44030692833078,"29.689426310881046, -95.44030692833078"
335,Houston,29.838076,-95.384671,"29.838076, -95.384671"
336,Houston,29.736538,-95.303795,"29.736538, -95.303795"
337,Houston,29.869406,-95.408278,"29.869406, -95.408278"
338,Houston,29.854155774828303,-95.30017375946045,"29.854155774828303, -95.30017375946045"
339,Houston,29.705140121493116,-95.48110612742776,"29.705140121493116, -95.48110612742776"
340,Houston,29.838277385986757,-95.4729480536319,"29.838277385986757, -95.4729480536319"
341,Houston,29.657393107034178,-95.35566672447099,"29.657393107034178, -95.35566672447099"
342,Houston,29.7766,-95.302002,"29.7766, -95.302002"
343,Houston,29.686899,-95.42063,"29.686899, -95.42063"
344,Houston,29.6863,-95.364403,"29.6863, -95.364403"
345,Houston,29.6864463335718,-95.42150600871514,"29.6864463335718, -95.42150600871514"
346,Houston,29.738688,-95.31118599999999,"29.738688, -95.31118599999999"
347,Houston,29.814939437542677,-95.42974115914298,"29.814939437542677, -95.42974115914298"
348,Humble,29.930895,-95.30068,"29.930895, -95.30068"
349,Humble,29.898348427889882,-95.42914454766944,"29.898348427889882, -95.42914454766944"
350,Humble,30.020663663363607,-95.37973635560044,"30.020663663363607, -95.37973635560044"
351,Huntsville,30.642799,-96.377152,"30.642799, -96.377152"
352,Huntsville,30.71967405835741,-95.5634262668309,"30.71967405835741, -95.5634262668309"
353,Jacinto City,29.67165,-95.277016,"29.67165, -95.277016"
354,Jasper,31.11827558,-93.27062971,"31.11827558, -93.27062971"
355,Jasper,31.6165726269403,-94.63979045743362,"31.6165726269403, -94.63979045743362"
356,Jasper,30.712716999999998,-94.95535100000001,"30.712716999999998, -94.95535100000001"
357,Jasper,31.32606,-94.726214,"31.32606, -94.726214"
358,Katy,29.69222259460321,-95.64402105150155,"29.69222259460321, -95.64402105150155"
359,Katy,29.815214,-95.73378,"29.815214, -95.73378"
360,Katy,29.81515596915252,-95.71975691472231,"29.81515596915252, -95.71975691472231"
361,Kennedale,32.663921,-97.240378,"32.663921, -97.240378"
362,Kerrville,29.484384577285322,-98.40426255483473,"29.484384577285322, -98.40426255483473"
363,Kerrville,29.508894374132215,-98.49969227773781,"29.508894374132215, -98.49969227773781"
364,Kerrville,29.416448290458078,-98.65445036742112,"29.416448290458078, -98.65445036742112"
365,Kerrville,29.386977326339405,-98.61563391026844,"29.386977326339405, -98.61563391026844"
366,Kerrville,29.381752,-98.625459,"29.381752, -98.625459"
367,Kerrville,29.423709866674898,-98.40517326729743,"29.423709866674898, -98.40517326729743"
368,Kerrville,29.357132,-98.5295,"29.357132, -98.5295"
369,Kerrville,29.446947478426427,-98.54065225965584,"29.446947478426427, -98.54065225965584"
370,Kerrville,30.058436809830102,-99.16200217880163,"30.058436809830102, -99.16200217880163"
371,Kerrville,29.488832417227666,-98.57553787449024,"29.488832417227666, -98.57553787449024"
372,Kerrville,29.49738897066151,-98.7117530843781,"29.49738897066151, -98.7117530843781"
373,Kerrville,29.4434313484051,-98.36145734198197,"29.4434313484051, -98.36145734198197"
374,Kerrville,29.35633209906076,-98.4863557314453,"29.35633209906076, -98.4863557314453"
375,Kerrville,29.493304,-98.433756,"29.493304, -98.433756"
376,Kerrville,29.497349930455346,-98.71183743362202,"29.497349930455346, -98.71183743362202"
377,Kerrville,29.38444794304838,-98.46752249851666,"29.38444794304838, -98.46752249851666"
378,Kerrville,29.443902377123525,-98.6604387457997,"29.443902377123525, -98.6604387457997"
379,Kerrville,29.727301,-99.067951,"29.727301, -99.067951"
380,Kerrville,29.44993458446315,-98.45008281442604,"29.44993458446315, -98.45008281442604"
381,Laredo,27.545970291085393,-99.50403888996534,"27.545970291085393, -99.50403888996534"
382,Laredo,27.575339761384605,-99.4691747652123,"27.575339761384605, -99.4691747652123"
383,Laredo,27.517706,-99.503801,"27.517706, -99.503801"
384,Laredo,27.505891940215268,-99.50751159645425,"27.505891940215268, -99.50751159645425"
385,Laredo,27.58612164953529,-99.51083968157397,"27.58612164953529, -99.51083968157397"
386,Laredo,27.47728321593979,-99.47409700290788,"27.47728321593979, -99.47409700290788"
387,Laredo,27.506908000000003,-99.480135,"27.506908000000003, -99.480135"
388,Laredo,27.53039539151913,-99.46768407386939,"27.53039539151913, -99.46768407386939"
389,Longview,32.5330903467228,-93.705428185441,"32.5330903467228, -93.705428185441"
390,Longview,32.42519733547423,-93.70866379329014,"32.42519733547423, -93.70866379329014"
391,Longview,32.478237,-93.67666,"32.478237, -93.67666"
392,Longview,32.525753,-93.699228,"32.525753, -93.699228"
393,Longview,32.533088,-93.705403,"32.533088, -93.705403"
394,Lubbock,33.522507,-101.957756,"33.522507, -101.957756"
395,Lubbock,33.519368,-101.87145,"33.519368, -101.87145"
396,Lubbock,33.594407000000004,-101.870871,"33.594407000000004, -101.870871"
397,Lubbock,33.54758625283956,-101.92280396056101,"33.54758625283956, -101.92280396056101"
398,Lubbock,33.594424826608915,-101.87085319640373,"33.594424826608915, -101.87085319640373"
399,Lubbock,33.547603,-101.922884,"33.547603, -101.922884"
400,Marshall,32.623275,-93.25703399999999,"32.623275, -93.25703399999999"
401,Marshall,32.033129,-93.711139,"32.033129, -93.711139"
402,Marshall,33.465962175282925,-94.04266939829569,"33.465962175282925, -94.04266939829569"
403,Missouri City,29.65012721893163,-95.56630213342993,"29.65012721893163, -95.56630213342993"
404,Missouri City,29.69063841762339,-95.55109417034468,"29.69063841762339, -95.55109417034468"
405,Missouri City,29.622142,-95.571826,"29.622142, -95.571826"
406,Missouri City,29.655353813818607,-95.52553868795015,"29.655353813818607, -95.52553868795015"
407,Missouri City,29.57788163701176,-95.58017678216758,"29.57788163701176, -95.58017678216758"
408,Missouri City,29.613597,-95.446366,"29.613597, -95.446366"
409,Missouri City,29.675196321375616,-95.55702951533559,"29.675196321375616, -95.55702951533559"
410,Missouri City,29.70380628369517,-95.6042105684853,"29.70380628369517, -95.6042105684853"
411,Missouri City,29.728812140829703,-95.52799739960419,"29.728812140829703, -95.52799739960419"
412,Missouri City,29.676728060616234,-95.59718600126592,"29.676728060616234, -95.59718600126592"
413,Missouri City,29.601493023113214,-95.52623490693195,"29.601493023113214, -95.52623490693195"
414,Missouri City,29.655622,-95.525472,"29.655622, -95.525472"
415,Missouri City,29.639944,-95.617575,"29.639944, -95.617575"
416,Missouri City,29.675131,-95.555917,"29.675131, -95.555917"
417,Missouri City,29.63828430437717,-95.6183416204092,"29.63828430437717, -95.6183416204092"
418,New Caney,30.151742,-95.222615,"30.151742, -95.222615"
419,Orange,30.239793,-92.663767,"30.239793, -92.663767"
420,Paris,33.17528,-96.510595,"33.17528, -96.510595"
421,Pearland,29.55552748577325,-95.39347710545647,"29.55552748577325, -95.39347710545647"
422,Prosper,33.219188,-96.736367,"33.219188, -96.736367"
423,Richmond,29.57429081670897,-95.68247419628194,"29.57429081670897, -95.68247419628194"
424,Rockport,28.875217256638322,-96.99698846066906,"28.875217256638322, -96.99698846066906"
425,Rockport,28.87464,-96.997528,"28.87464, -96.997528"
426,San Angelo,31.463872,-100.444805,"31.463872, -100.444805"
427,San Angelo,31.421698,-100.467818,"31.421698, -100.467818"
428,Spring,30.127049649685176,-95.44125775166968,"30.127049649685176, -95.44125775166968"
429,Spring,30.054007883769682,-95.43363234717643,"30.054007883769682, -95.43363234717643"
430,Spring,30.074365,-95.51845,"30.074365, -95.51845"
431,Spring,30.05806,-95.433326,"30.05806, -95.433326"
432,Temple,30.67178006662858,-96.3363190137086,"30.67178006662858, -96.3363190137086"
433,Tomball,30.057072,-95.574136,"30.057072, -95.574136"
434,Waller,30.06127828358651,-95.91080200878619,"30.06127828358651, -95.91080200878619"
435,Weatherford,32.73874366513055,-97.76512472984138,"32.73874366513055, -97.76512472984138"
436,Wichita Falls,33.85776734291483,-98.55754452810257,"33.85776734291483, -98.55754452810257"
437,Wichita Falls,34.6238588910617,-98.4679901000745,"34.6238588910617, -98.4679901000745"
438,Wichita Falls,33.97557490513846,-98.50735061167619,"33.97557490513846, -98.50735061167619"
439,Wichita Falls,33.970997,-98.512343,"33.970997, -98.512343"
440,Wichita Falls,34.667507,-98.415375,"34.667507, -98.415375"
441,Bryan,30.631744,-96.378275,"30.631744, -96.378275"
442,Bryan,30.671792,-96.336149,"30.671792, -96.336149"
443,Channelview,29.780014,-95.124321,"29.780014, -95.124321"
444,Foot Hood,31.126694,-97.799432,"31.126694, -97.799432"
445,Mont Bellvieu,29.826496,-94.852079,"29.826496, -94.852079"
